feature,importance
collisions_roll30_sum,1884.6666666666667
wspd,1770.3333333333333
tmax,1412.0
tmin,1304.0
collisions_roll14_sum,1294.6666666666667
tavg,1167.3333333333333
collisions_roll7_sum,1107.6666666666667
collision_momentum,1089.0
prcp,941.0
collisions_lag14,570.0
year,561.0
collisions_lag7,532.6666666666666
dow_sin,431.6666666666667
collisions_roll30_mean,428.3333333333333
dow,407.6666666666667
month_sin,375.0
month,336.6666666666667
month_cos,317.3333333333333
dow_cos,285.6666666666667
snow,282.6666666666667
collisions_roll14_mean,264.3333333333333
collisions_lag1,253.33333333333334
collisions_roll7_mean,226.66666666666666
ksi_collisions_roll30_sum,186.66666666666666
ksi_weighted_score_roll30_sum,106.66666666666667
ksi_collisions_roll14_sum,82.33333333333333
is_holiday,61.333333333333336
ksi_collisions_roll7_sum,54.666666666666664
ksi_weighted_score_roll14_sum,54.0
post_holiday,53.666666666666664
ksi_collisions_roll30_mean,43.666666666666664
pre_holiday,40.666666666666664
rain_day,40.0
ksi_weighted_score_roll7_sum,36.333333333333336
ksi_ratio_lag1,31.666666666666668
is_weekend,30.0
wind_rain,28.666666666666668
feels_bad,22.0
ksi_weighted_score_roll30_mean,21.333333333333332
ksi_collisions_lag7,20.333333333333332
construction_total_pressure,19.333333333333332
road_construction_count,18.666666666666668
ksi_collisions_roll14_mean,17.0
road_construction_count_halo,16.666666666666668
freezing_rain,15.333333333333334
ksi_weighted_score_lag14,15.0
ksi_weighted_score_lag7,14.666666666666666
ksi_weighted_score_lag1,14.333333333333334
ksi_collisions_lag14,13.666666666666666
cold_dry,13.0
ksi_collisions_roll7_mean,12.666666666666666
snow_day,12.333333333333334
freeze_day,11.0
ksi_weighted_score_roll14_mean,10.0
ksi_weighted_score_roll7_mean,8.666666666666666
ksi_collisions_lag1,7.666666666666667
road_construction_count_halo_roll14_sum,5.333333333333333
road_construction_severity_weighted,4.333333333333333
heavy_snow,3.3333333333333335
construction_pressure_norm,2.6666666666666665
road_construction_count_halo_norm,2.0
road_construction_severity_weighted_halo,1.0
road_construction_count_roll30_sum,1.0
road_construction_count_halo_roll14_mean,0.6666666666666666
road_construction_count_roll14_sum,0.6666666666666666
road_construction_count_roll7_sum,0.3333333333333333
road_construction_count_halo_roll7_mean,0.3333333333333333
road_construction_severity_weighted_halo_roll14_sum,0.3333333333333333
road_construction_count_halo_roll7_sum,0.3333333333333333
road_events_severity_weighted,0.0
road_construction_full_closure_count,0.0
road_events_count,0.0
road_events_full_closure_count,0.0
road_events_severity_weighted_lag7,0.0
road_events_severity_weighted_roll14_mean,0.0
road_events_severity_weighted_lag1,0.0
road_events_count_roll30_mean,0.0
road_events_severity_weighted_lag14,0.0
road_events_count_roll7_sum,0.0
road_events_count_roll7_mean,0.0
road_events_count_roll14_sum,0.0
road_events_count_roll14_mean,0.0
road_events_count_roll30_sum,0.0
road_events_count_lag1,0.0
road_events_count_lag7,0.0
road_events_count_lag14,0.0
road_construction_count_roll30_mean,0.0
road_construction_count_roll14_mean,0.0
road_construction_count_lag14,0.0
road_construction_count_roll7_mean,0.0
road_construction_count_lag7,0.0
road_events_severity_weighted_roll30_sum,0.0
road_events_severity_weighted_roll30_mean,0.0
road_construction_count_lag1,0.0
road_events_severity_weighted_roll14_sum,0.0
road_events_severity_weighted_roll7_mean,0.0
road_events_severity_weighted_roll7_sum,0.0
road_construction_severity_weighted_roll14_sum,0.0
road_construction_severity_weighted_roll30_sum,0.0
road_construction_severity_weighted_roll14_mean,0.0
road_construction_severity_weighted_roll7_mean,0.0
road_construction_severity_weighted_lag1,0.0
road_construction_full_closure_count_halo,0.0
road_events_full_closure_count_halo,0.0
road_events_count_halo,0.0
road_events_count_halo_norm,0.0
road_construction_severity_weighted_halo_norm,0.0
road_construction_full_closure_count_halo_norm,0.0
road_events_severity_weighted_halo_norm,0.0
road_events_full_closure_count_halo_norm,0.0
is_event_disrupted_halo,0.0
is_zone_disrupted,0.0
road_events_count_halo_lag1,0.0
road_construction_severity_weighted_roll30_mean,0.0
road_events_severity_weighted_halo,0.0
road_construction_severity_weighted_lag7,0.0
road_construction_severity_weighted_lag14,0.0
road_construction_severity_weighted_roll7_sum,0.0
road_events_count_halo_roll14_mean,0.0
road_events_count_halo_roll14_sum,0.0
road_events_count_halo_roll7_mean,0.0
road_events_count_halo_roll7_sum,0.0
road_events_count_halo_lag7,0.0
road_events_severity_weighted_halo_roll14_sum,0.0
road_events_severity_weighted_halo_lag1,0.0
road_events_severity_weighted_halo_lag7,0.0
road_events_full_closure_count_halo_lag7,0.0
road_events_full_closure_count_halo_lag1,0.0
road_events_full_closure_count_halo_roll7_sum,0.0
road_events_full_closure_count_halo_roll7_mean,0.0
road_events_full_closure_count_halo_roll14_mean,0.0
road_events_severity_weighted_halo_roll14_mean,0.0
road_events_severity_weighted_halo_roll7_sum,0.0
road_events_severity_weighted_halo_roll7_mean,0.0
road_construction_count_halo_lag1,0.0
road_construction_count_halo_lag7,0.0
road_events_full_closure_count_halo_roll14_sum,0.0
road_construction_severity_weighted_halo_lag1,0.0
road_construction_severity_weighted_halo_lag7,0.0
road_construction_severity_weighted_halo_roll7_sum,0.0
road_construction_severity_weighted_halo_roll7_mean,0.0
road_construction_severity_weighted_halo_roll14_mean,0.0
road_construction_full_closure_count_halo_lag1,0.0
road_construction_full_closure_count_halo_lag7,0.0
road_construction_full_closure_count_halo_roll7_sum,0.0
road_construction_full_closure_count_halo_roll7_mean,0.0
road_construction_full_closure_count_halo_roll14_sum,0.0
road_construction_full_closure_count_halo_roll14_mean,0.0
surge_proba_t1,0.0
surge_proba_t2,0.0
